{"name":"e82c4187-a483-4981-8e69-2e83139c6f89","id":"/providers/Microsoft.Flow/flows/e82c4187-a483-4981-8e69-2e83139c6f89","type":"Microsoft.Flow/flows","properties":{"apiId":"/providers/Microsoft.PowerApps/apis/shared_logicflows","displayName":"Formulario IPP","definition":{"metadata":{"workflowEntityId":null,"processAdvisorMetadata":null,"flowChargedByPaygo":null,"flowclientsuspensionreason":"None","flowclientsuspensiontime":null,"flowclientsuspensionreasondetails":null,"creator":{"id":"71ca32e4-e743-4667-98c1-a4599683cc10","type":"User","tenantId":"040d9c77-e8cc-4af3-9c44-1d24173c45b3"},"provisioningMethod":"FromDefinition","failureAlertSubscription":true,"clientLastModifiedTime":"2024-03-18T09:14:00.1603563Z","connectionKeySavedTimeKey":"2024-03-18T09:14:00.1603563Z"},"$schema":"https://schema.management.azure.com/providers/Microsoft.Logic/schemas/2016-06-01/workflowdefinition.json#","contentVersion":"1.0.0.0","parameters":{"$connections":{"defaultValue":{},"type":"Object"},"$authentication":{"defaultValue":{},"type":"SecureObject"}},"triggers":{"When_a_new_response_is_submitted":{"splitOn":"@triggerOutputs()?['body/value']","metadata":{"operationMetadataId":"e066b741-f5b1-4e05-891f-9e19bd5d6aa1"},"type":"OpenApiConnectionWebhook","inputs":{"host":{"apiId":"/providers/Microsoft.PowerApps/apis/shared_microsoftforms","connectionName":"shared_microsoftforms","operationId":"CreateFormWebhook"},"parameters":{"form_id":"d5wNBMzo80qcRB0kFzxFs-QyynFD52dGmMGkWZaDzBBURE1UN05BQUlPTVhWRTBJNlg1UVpXMVdFQi4u"},"authentication":"@parameters('$authentication')"},"runtimeConfiguration":{"secureData":{"properties":["inputs"]}}}},"actions":{"Get_response_details":{"runAfter":{},"metadata":{"operationMetadataId":"624272a6-4dcc-42ae-aaf1-913b08a3dd6c"},"type":"OpenApiConnection","inputs":{"host":{"apiId":"/providers/Microsoft.PowerApps/apis/shared_microsoftforms","connectionName":"shared_microsoftforms","operationId":"GetFormResponseById"},"parameters":{"form_id":"d5wNBMzo80qcRB0kFzxFs-QyynFD52dGmMGkWZaDzBBURE1UN05BQUlPTVhWRTBJNlg1UVpXMVdFQi4u","response_id":"@triggerOutputs()?['body/resourceData/responseId']"},"authentication":"@parameters('$authentication')"}},"Create_item_formulario_IPP":{"runAfter":{"Variavel_resultado":["Succeeded"]},"metadata":{"operationMetadataId":"f8b4bf02-c4e4-4892-a523-e4a2704d700e"},"type":"OpenApiConnection","inputs":{"host":{"apiId":"/providers/Microsoft.PowerApps/apis/shared_sharepointonline","connectionName":"shared_sharepointonline","operationId":"PostItem"},"parameters":{"dataset":"https://nordex.sharepoint.com/sites/WS-06795","table":"bd52f9d8-2297-4e04-8020-485821458e9a","item/Matricula":"@outputs('Get_response_details')?['body/r51a29a643d714cf28fb070d4324b6b3c']","item/Desempenhocognitivo":"@outputs('Get_response_details')?['body/rd3b6205c567c499bb804710db18020e3']","item/Estadoemocional":"@outputs('Get_response_details')?['body/rc3802073178f4296ac1f5774bb51950d']","item/Comportamento":"@outputs('Get_response_details')?['body/r23cc13fabd5d4dfabcbd2edad99d7651']","item/Intera_x00e7__x00f5_essociais":"@outputs('Get_response_details')?['body/r889704f182e54eb68042430582d75013']","item/Recomenda_x00e7__x00e3_o":"@outputs('Get_response_details')?['body/rabff958e98ab40b9941fc6db6494ec0a']","item/Professor":"@outputs('Get_response_details')?['body/rc6d020c6cb2845faad0a8b73683477bf']","item/Per_x00ed_odo":"@outputs('Get_response_details')?['body/r7c48256808fe4aad8096912301f6ddce']"},"authentication":"@parameters('$authentication')"}},"Variavel_Desempenho_cognitivo":{"runAfter":{"Get_response_details":["Succeeded"]},"metadata":{"operationMetadataId":"cacc5f4b-c867-44a4-9c93-655046af7a5c"},"type":"InitializeVariable","inputs":{"variables":[{"name":"Desempenho_cognitivo","type":"string","value":"@{if(equals(outputs('Get_response_details')?['body/rd3b6205c567c499bb804710db18020e3'],'Demonstra desempenho cognitivo acima do esperado.'),'2.5',\r\nif(equals(outputs('Get_response_details')?['body/rd3b6205c567c499bb804710db18020e3'],'Demonstra desempenho cognitivo adequado'),'1.875',\r\nif(equals(outputs('Get_response_details')?['body/rd3b6205c567c499bb804710db18020e3'],'Demonstra déficit em algum aspecto de seu desempenho cognitivo'),'1.25',\r\nif(equals(outputs('Get_response_details')?['body/rd3b6205c567c499bb804710db18020e3'],'Encontra-se em fase de atendimento e apoio'),'0.625', '0'))))}"}]}},"Variavel_Estado_emocional":{"runAfter":{"Variavel_Desempenho_cognitivo":["Succeeded"]},"metadata":{"operationMetadataId":"f2f4de22-04c6-4842-8f61-2172badb4778"},"type":"InitializeVariable","inputs":{"variables":[{"name":"Estado_emocional","type":"string","value":"@{if(equals(outputs('Get_response_details')?['body/rc3802073178f4296ac1f5774bb51950d'],'Demonstra autonomia e adequação'),'2.5',\r\nif(equals(outputs('Get_response_details')?['body/rc3802073178f4296ac1f5774bb51950d'],'Demonstra adequação em geral'),'1.875',\r\nif(equals(outputs('Get_response_details')?['body/rc3802073178f4296ac1f5774bb51950d'],'Demonstra carências emocionais incompatíveis com a sua faixa etária'),'1.25',\r\nif(equals(outputs('Get_response_details')?['body/rc3802073178f4296ac1f5774bb51950d'],'Encontra-se em fase de atendimento e apoio'),'0.625', '0'))))}"}]}},"Variavel_Comportamento":{"runAfter":{"Variavel_Estado_emocional":["Succeeded"]},"metadata":{"operationMetadataId":"e02f1e63-567d-4584-9453-29cb91e7725a"},"type":"InitializeVariable","inputs":{"variables":[{"name":"Comportamento","type":"string","value":"@{if(equals(outputs('Get_response_details')?['body/r23cc13fabd5d4dfabcbd2edad99d7651'],'Interage de forma positiva'),'2.5',\r\nif(equals(outputs('Get_response_details')?['body/r23cc13fabd5d4dfabcbd2edad99d7651'],'Interage em geral de forma adequada'),'1.875',\r\nif(equals(outputs('Get_response_details')?['body/r23cc13fabd5d4dfabcbd2edad99d7651'],'Apresenta algumas interações inadequadas'),'1.25',\r\nif(equals(outputs('Get_response_details')?['body/r23cc13fabd5d4dfabcbd2edad99d7651'],'Encontra-se em fase de atendimento e apoio'),'0.625', '0'))))}"}]}},"Variavel_Interacoes_sociais_":{"runAfter":{"Variavel_Comportamento":["Succeeded"]},"metadata":{"operationMetadataId":"816f14c5-fb42-439b-9768-7fea36d8a57c"},"type":"InitializeVariable","inputs":{"variables":[{"name":"Interacoes_sociais","type":"string","value":"@{if(equals(outputs('Get_response_details')?['body/r889704f182e54eb68042430582d75013'],'Demonstra interações sociais positivas'),'2.5',\r\nif(equals(outputs('Get_response_details')?['body/r889704f182e54eb68042430582d75013'],'Demonstra em geral adequação nas interações sociais'),'1.875',\r\nif(equals(outputs('Get_response_details')?['body/r889704f182e54eb68042430582d75013'],'Apresenta perfil excessivamente introspectivo'),'1.25',\r\nif(equals(outputs('Get_response_details')?['body/r889704f182e54eb68042430582d75013'],'Encontra-se em fase de atendimento e apoio'),'0.625', '0'))))\r\n}"}]}},"Variavel_recomendacoes":{"runAfter":{"Variavel_Interacoes_sociais_":["Succeeded"]},"metadata":{"operationMetadataId":"3c715db0-056f-40dc-ae30-13d49c171ea5"},"type":"InitializeVariable","inputs":{"variables":[{"name":"recomendacoes","type":"string","value":"@{if(equals(outputs('Get_response_details')?['body/rabff958e98ab40b9941fc6db6494ec0a'],'O estudante deveria ser promovido de Fase e indicado para Bolsa de Estudos.'),'2.5',\r\nif(equals(outputs('Get_response_details')?['body/rabff958e98ab40b9941fc6db6494ec0a'],'O estudante deveria ser mantido na Fase atual e indicador para Bolsa de Estudos.'),'1.875',\r\nif(equals(outputs('Get_response_details')?['body/rabff958e98ab40b9941fc6db6494ec0a'],'O estudante deveria ser promovido de Fase.'),'1.25',\r\nif(equals(outputs('Get_response_details')?['body/rabff958e98ab40b9941fc6db6494ec0a'],'O estudante deveria ser alocado em uma Fase anterior.'),'0.625', '0'))))\r\n}"}]}},"Variavel_resultado":{"runAfter":{"Variavel_recomendacoes":["Succeeded"]},"metadata":{"operationMetadataId":"f78b8ae2-e64c-4ea5-a137-c9f11b1160de"},"type":"InitializeVariable","inputs":{"variables":[{"name":"resultado","type":"float","value":"@div(\r\n    add(float(variables('recomendacoes')),\r\n    add(float(variables('Interacoes_sociais')),\r\n    add(float(variables('Comportamento')),\r\n    add(float(variables('Estado_emocional')),float(variables('Desempenho_cognitivo')))))),5)"}]}},"Create_item_Indice_IPP":{"runAfter":{"Create_item_formulario_IPP":["Succeeded"]},"metadata":{"operationMetadataId":"7659ee8e-864f-4d54-a7ac-1bc58aafa8ba"},"type":"OpenApiConnection","inputs":{"host":{"apiId":"/providers/Microsoft.PowerApps/apis/shared_sharepointonline","connectionName":"shared_sharepointonline","operationId":"PostItem"},"parameters":{"dataset":"https://nordex.sharepoint.com/sites/WS-06795","table":"1cbf3933-fd63-44ef-81a6-7428f02f8c5b","item/Matricula":"@outputs('Get_response_details')?['body/r51a29a643d714cf28fb070d4324b6b3c']","item/Desempenhocognitivo":"@variables('Desempenho_cognitivo')","item/Estadoemocional":"@variables('Estado_emocional')","item/Comportamento":"@variables('Comportamento')","item/Intera_x00e7__x00f5_essociais":"@variables('Interacoes_sociais')","item/Recomenda_x00e7__x00e3_o":"@variables('recomendacoes')","item/Resultado":"@variables('resultado')","item/Professor":"@outputs('Get_response_details')?['body/rc6d020c6cb2845faad0a8b73683477bf']","item/Per_x00ed_odo":"@outputs('Get_response_details')?['body/r7c48256808fe4aad8096912301f6ddce']"},"authentication":"@parameters('$authentication')"}}}},"connectionReferences":{"shared_microsoftforms":{"connectionName":"shared-microsoftform-d06ddff1-3ef1-48b2-9c4b-ca37ff3b6ef1","source":"Embedded","id":"/providers/Microsoft.PowerApps/apis/shared_microsoftforms","tier":"NotSpecified"},"shared_sharepointonline":{"connectionName":"bc0ec74ec07045d59d03f5551513fa0a","source":"Embedded","id":"/providers/Microsoft.PowerApps/apis/shared_sharepointonline","tier":"NotSpecified"}},"flowFailureAlertSubscribed":false,"isManaged":false}}